﻿"Table 3 – Labour market impacts on participants who had employment plans at the beginning of March 2020"
," No change"," Change{1}",,,,,,,,
" "," "," Still working, but working less"," Not working; lost job or jobs"," Temporarily laid off"," Start date of job has been delayed"," Lost a job that was supposed to start in the future"," No longer has employment prospects"," Currently looking for work"," No longer looking for work"
"","%","%","%","%","%","%","%","%","%"
"Status in mid-April as a result of COVID-19 pandemic","6","11","17","8","15","30","49","34","4"
"","","","","","","","","",""
"1. Participants could select more than one change."
"Source(s):"
"Impacts of the COVID-19 pandemic on postsecondary students (5320)."
