﻿"Proportion of participants who reported being very or extremely concerned about their finances, by type of concern and participation date, %"
,"All participants","Participated April 19 to 21","Participated April 22 to May 1"
"Any financial concern","77","82","71"
"Using up savings","67","73","61"
"Increased student debt","54","61","47"
"Paying for next term's tuition","51","56","46"
"Paying for current expenses","49","55","44"
"Paying for next term's accommodation","49","55","43"
"Note(s): Continuing students only."
"Source(s): Impacts of the COVID-19 pandemic on postsecondary students (5320)."
