﻿"proportion of participants with a work placement cancelled or delayed due to COVID-19, by field of study and graduate status",,
Field of study,"Continuing students
percent",Prospective graduates
Services,49.5,61.6
Health care,44.3,58
Education,36.7,50.7
Engineering and engineering technology,42.6,36.2
Trades,34.1,43.6
Law,34.5,38.6
Business and administration,33.1,35.6
Math and computer science,32.6,35.8
Science,30.7,27.3
"Arts, humanities and social sciences",26.1,28.3
All fields of study*,33.5,37.9