﻿"Table 2 – Labour market impacts on participants who had a job with a confirmed start date at the beginning of March 2020"
," No change"," Change{1}",,,,,,,,
" "," "," Still working, but working less"," Not working; lost job or jobs"," Temporarily laid off"," Start date of job has been delayed"," Lost a job that was supposed to start in the future"," No longer has employment prospects"," Currently looking for work"," No longer looking for work"
"","%","%","%","%","%","%","%","%","%"
"Status in mid-April as a result of COVID-19 pandemic","13","12","21","11","40","31","10","15","1"
"","","","","","","","","",""
"1. Participants could select more than one change."
"Source(s):"
"Impacts of the COVID-19 pandemic on postsecondary students (5320)."
